{"cameraMode":{"drawMode":0,"name":"Shaded","section":"Shading Mode"},"sceneLighting":true,"audioPlay":false,"sceneViewState":{"m_AlwaysRefresh":false,"showFog":true,"showSkybox":true,"showFlares":true,"showImageEffects":true,"showParticleSystems":true,"showVisualEffectGraphs":true,"m_FxEnabled":false},"in2DMode":false,"pivot":{"x":-0.24351347982883454,"y":1.0981268882751465,"z":-0.9980753660202026},"rotation":{"x":-0.03925265744328499,"y":0.8095378279685974,"z":-0.5832211971282959,"w":-0.05448151007294655},"size":3.4252123832702638,"orthographic":false}