{"cameraMode":{"drawMode":0,"name":"Shaded","section":"Shading Mode"},"sceneLighting":true,"audioPlay":false,"sceneViewState":{"m_AlwaysRefresh":false,"showFog":true,"showSkybox":true,"showFlares":true,"showImageEffects":true,"showParticleSystems":true,"showVisualEffectGraphs":true,"m_FxEnabled":false},"in2DMode":false,"pivot":{"x":0.7430156469345093,"y":0.6256475448608398,"z":-0.8916689157485962},"rotation":{"x":0.015026827342808247,"y":0.8918406963348389,"z":-0.4511313736438751,"w":0.02971062622964382},"size":3.4252123832702638,"orthographic":false}